Workbook

Sheet Datos
A1: fecha | B1: categoria | C1: proveedor | D1: importe_eur | E1: empleado
A2: 46206 | B2: Software | C2: Figma | D2: 134.18 | E2: Luis
A3: 46207 | B3: Comidas | C3: Cafetería Central | D3: 66.39 | E3: Ana
A4: 46207 | B4: Formación | C4: CodeCrypto | D4: 545.37 | E4: Luis
A5: 46208 | B5: Comidas | C5: Glovo | D5: 61.38 | E5: Ana
A6: 46210 | B6: Formación | C6: CodeCrypto | D6: 628.34 | E6: Jorge
A7: 46211 | B7: Comidas | C7: Restaurante La Plaza | D7: 65.32 | E7: Luis
A8: 46211 | B8: Software | C8: GitHub | D8: 173.65 | E8: Luis
A9: 46217 | B9: Comidas | C9: Restaurante La Plaza | D9: 52.34 | E9: Marta
A10: 46218 | B10: Comidas | C10: Cafetería Central | D10: 83.72 | E10: Marta
A11: 46218 | B11: Marketing | C11: Google Ads | D11: 498.9 | E11: Ana
A12: 46221 | B12: Software | C12: Figma | D12: 31.85 | E12: Ana
A13: 46222 | B13: Software | C13: OpenRouter | D13: 164.68 | E13: Marta
... A44: 46293 | B44: Material oficina | C44: Office Depot | D44: 50.78 | E44: Jorge

Sheet Resumen
A1: Resumen gastos T3 2026 (jul-sep)
A3: Categoría | B3: Total | C3: % del total | D3: Nº gastos
A4: Viajes | B4: =SUMIFS(Datos!$D$2:$D$44,Datos!$B$2:$B$44,A4) | C4: =B4/$B$10 | D4: =COUNTIF(Datos!$B$2:$B$44,A4)
A5: Formación | B5: =SUMIFS(Datos!$D$2:$D$44,Datos!$B$2:$B$44,A5) | C5: =B5/$B$10 | D5: =COUNTIF(Datos!$B$2:$B$44,A5)
A6: Marketing | B6: =SUMIFS(Datos!$D$2:$D$44,Datos!$B$2:$B$44,A6) | C6: =B6/$B$10 | D6: =COUNTIF(Datos!$B$2:$B$44,A6)
A7: Software | B7: =SUMIFS(Datos!$D$2:$D$44,Datos!$B$2:$B$44,A7) | C7: =B7/$B$10 | D7: =COUNTIF(Datos!$B$2:$B$44,A7)
A8: Comidas | B8: =SUMIFS(Datos!$D$2:$D$44,Datos!$B$2:$B$44,A8) | C8: =B8/$B$10 | D8: =COUNTIF(Datos!$B$2:$B$44,A8)
A9: Material oficina | B9: =SUMIFS(Datos!$D$2:$D$44,Datos!$B$2:$B$44,A9) | C9: =B9/$B$10 | D9: =COUNTIF(Datos!$B$2:$B$44,A9)
A10: TOTAL | B10: =SUM(B4:B9) | C10: =SUM(C4:C9) | D10: =SUM(D4:D9)
A11: Control (debe ser 0) | B11: =ROUND(B10-SUM(Datos!$D$2:$D$44),2)
A13: Total por mes
A14: Mes | B14: Inicio | C14: Fin (excl.) | D14: Total
A15: Julio 2026 | B15: 46204 | C15: =EDATE(B15,1) | D15: =SUMIFS(Datos!$D$2:$D$44,Datos!$A$2:$A$44,">="&B15,Datos!$A$2:$A$44,"<"&C15)
A16: Agosto 2026 | B16: 46235 | C16: =EDATE(B16,1) | D16: =SUMIFS(Datos!$D$2:$D$44,Datos!$A$2:$A$44,">="&B16,Datos!$A$2:$A$44,"<"&C16)
A17: Septiembre 2026 | B17: 46266 | C17: =EDATE(B17,1) | D17: =SUMIFS(Datos!$D$2:$D$44,Datos!$A$2:$A$44,">="&B17,Datos!$A$2:$A$44,"<"&C17)
A18: TOTAL | D18: =SUM(D15:D17)
A19: Control (debe ser 0) | D19: =ROUND(D18-SUM(Datos!$D$2:$D$44),2)
